Timestamp,File,Folder,CurrentSizeMB,HistoryVersionsMB,TotalOriginalMB,VersionsFound,PolicyApplied,VersionsDeleted,SpaceSavedMB,FinalSizeMB
4/2/2026 19:29,Cold room Log Sheet.xls,DPT-TE,,,,,Retention 365 Days,6,0.61,
4/2/2026 19:29,Electric log sheet Daily 2023.xlsx,DPT-TE,,,,,Retention 365 Days,30,3.03,
4/2/2026 19:29,สอบวัดมาตราฐานช่างไฟฟ้าอาคารระดับ1 ประจำปี 2567.docx,DPT-TE,,,,,Retention 365 Days,1,1.27,
4/2/2026 19:29,ไฟเดจาวู.xlsx,DPT-TE,,,,,Retention 365 Days,1,0.02,
4/2/2026 19:30,Electric log sheet Daily 2024.xlsx,DPT-TE,,,,,Retention 365 Days,30,2.8,
4/2/2026 19:30,Name list Engineering Department 2023.xlsx,DPT-TE,,,,,Retention 365 Days,2,0.05,
4/2/2026 19:30,Ceiling painting lobby.xlsx,DPT-TE,,,,,Retention 365 Days,2,0.04,
4/2/2026 19:30,Comparision cost parque in guest room -R1.xlsx,/sites/H6323_SPOF/DPT-TE/Comparision parquet,,,,,Retention 365 Days,1,0.02,
4/2/2026 19:30,check list Equipment Eternity ballroom.xlsx,/sites/H6323_SPOF/DPT-TE/Check list equipment Eternity,,,,,Retention 365 Days,3,0.08,
4/2/2026 19:30,Contract EN.xls,/sites/H6323_SPOF/DPT-TE/Contract 2024-2025,,,,,Retention 365 Days,2,0.47,
4/2/2026 19:30,Water Recycling Record - Pullman Kingpower.xlsx,/sites/H6323_SPOF/DPT-TE/Contract 2026,,,,,Retention 365 Days,1,0.06,
4/2/2026 19:30,สันปก.xls,/sites/H6323_SPOF/DPT-TE/DPT-TE,,,,,Retention 365 Days,2,0.4,
4/2/2026 19:30,Action Supervisor.xls,/sites/H6323_SPOF/DPT-TE/DPT-TE,,,,,Retention 365 Days,2,0.08,
4/2/2026 19:30,OPEN HOUSE Engineering.pptx,/sites/H6323_SPOF/DPT-TE/DPT-TE,,,,,Retention 365 Days,1,2.67,
4/2/2026 19:30,PM&Maintenance room.xls,/sites/H6323_SPOF/DPT-TE/DPT-TE,,,,,Retention 365 Days,6,18.02,
4/2/2026 19:30,2-2023 P&L Compare Forecat Feb23(update03.3).xls,/sites/H6323_SPOF/DPT-TE/DPT-TE,,,,,Retention 365 Days,2,5.34,
4/2/2026 19:30,07.PR Budget of Jul 2023.xls,/sites/H6323_SPOF/DPT-TE/Expense control EN,,,,,Retention 365 Days,14,4.04,
4/2/2026 19:30,HACCP สารบัญ - Copy.docx,/sites/H6323_SPOF/DPT-TE/HACCP 2024,,,,,Retention 365 Days,1,0.02,
4/2/2026 19:30,08.PR Budget of Aug 2023 aaaaaa.xls,/sites/H6323_SPOF/DPT-TE/Expense control EN,,,,,Retention 365 Days,6,1.77,
4/2/2026 19:30,BKK01-6702019  12-2-67  โรงแรม พูลแมน คิง เพาเวอร์ กรุงเทพ (รางน้ำ).pdf,/sites/H6323_SPOF/DPT-TE/HACCP 2024,,,,,Retention 365 Days,1,0.21,
4/2/2026 19:30,Copy of 2024 เปลี่ยนขอบยางตู้เย็น.xlsx,/sites/H6323_SPOF/DPT-TE/HACCP 2024,,,,,Retention 365 Days,1,0.02,
4/2/2026 19:30,Electric consumption of 2014-2023.xls,/sites/H6323_SPOF/DPT-TE/Electric consumption Update,,,,,Retention 365 Days,30,4.16,
4/2/2026 19:30,ตรวจน้ำ HACCP 2025.xlsx,/sites/H6323_SPOF/DPT-TE/HACCP 2026,,,,,Retention 90 Days,1,0.02,
4/2/2026 19:30,Copy แบบต้นฉบับโรงแรม A 82_2559.pdf,/sites/H6323_SPOF/DPT-TE/Hotel drawing,,,,,Retention 365 Days,2,5.99,
4/2/2026 19:30,Generator.xlsx,/sites/H6323_SPOF/DPT-TE/N.POP,,,,,Retention 365 Days,1,0.09,
4/2/2026 19:30,Wash basin.xlsx,/sites/H6323_SPOF/DPT-TE/N.POP,,,,,Retention 365 Days,2,0.09,
4/2/2026 19:30,66  Expense control sheet ENG .xlsx,/sites/H6323_SPOF/DPT-TE/Expense control EN,,,,,Retention 365 Days,9,0.28,
4/2/2026 19:30,Namelist ENG 2026.xlsx,/sites/H6323_SPOF/DPT-TE/Picture Engineering,,,,,Retention 365 Days,7,0.15,
4/2/2026 19:30,FORM REQUEST DISABLED SYSTE1.docx,/sites/H6323_SPOF/DPT-TE/N.POP,,,,,Retention 365 Days,5,0.22,
4/2/2026 19:30,Project ENG Dept 2024.xlsx,/sites/H6323_SPOF/DPT-TE/N.POP,,,,,Retention 365 Days,2,0.05,
4/2/2026 19:30,Project Engineer 2024.xlsx,/sites/H6323_SPOF/DPT-TE/Project 2024,,,,,Retention 365 Days,6,0.16,
4/2/2026 19:30,Update project 2024.pdf,/sites/H6323_SPOF/DPT-TE/Project 2024,,,,,Retention 365 Days,1,0.42,
4/2/2026 19:30,08.PR Budget of Aug 2023 .xls,/sites/H6323_SPOF/DPT-TE/Expense control EN,,,,,Retention 365 Days,15,4.53,
4/2/2026 19:30,อุปกรณ์ sound system ในห้องประชุม โรงแรม พูลแมนบางกอก คิงเพาร์เวอร์.docx,/sites/H6323_SPOF/DPT-TE/Sound AV,,,,,Retention 365 Days,2,0.06,
4/2/2026 19:30,Equiptment  AV meeting room Fl.2.xlsx,/sites/H6323_SPOF/DPT-TE/Sound AV,,,,,Retention 365 Days,1,9.22,
4/2/2026 19:30,ตารางทำงาน และขอ Casual Sound AV.xlsx,/sites/H6323_SPOF/DPT-TE/Sound AV,,,,,Retention 365 Days,2,0.05,
4/2/2026 19:30,LCD Projector Maintanance.xlsx,/sites/H6323_SPOF/DPT-TE/Sound AV,,,,,Retention 365 Days,1,0.02,
4/2/2026 19:30,Expense ENG July 2023.xls,/sites/H6323_SPOF/DPT-TE/Expense control EN,,,,,Retention 365 Days,7,11.73,
4/2/2026 19:30,New Equiptment  AV meeting room Fl.2.xlsx,/sites/H6323_SPOF/DPT-TE/Sound AV,,,,,Retention 90 Days,3,11.55,
4/2/2026 19:30,ระบบประกอบอาคาร Pullman.xlsx,/sites/H6323_SPOF/DPT-TE/แบบโรงแรม Hotel Plan รายการอุปกรณ์อาคาร Building service,,,,,Retention 365 Days,3,0.1,
4/2/2026 19:30,รายการอุปกรณ์อาคาร.xlsx,/sites/H6323_SPOF/DPT-TE/แบบโรงแรม Hotel Plan รายการอุปกรณ์อาคาร Building service,,,,,Retention 365 Days,5,0.12,
4/2/2026 19:30,Water Recycling Record - Pullman Kingpower.xlsx,/sites/H6323_SPOF/DPT-TE/Contract 2024-2025/Centerlise,,,,,Retention 365 Days,1,0.05,
4/2/2026 19:30,ประวัติเปลี่ยนอะไหล่จนถึงปัจจุบัน โครงการ PULLMAN King Power.xlsx,/sites/H6323_SPOF/DPT-TE/Contract 2024-2025/KONE 2565-2569,,,,,Retention 365 Days,1,0.06,
4/2/2026 19:30,6-8. Death in hotel.doc,/sites/H6323_SPOF/DPT-TE/DPT-TE/All Emergency,,,,,Retention 365 Days,1,0.11,
4/2/2026 19:30,Emer number.doc,/sites/H6323_SPOF/DPT-TE/DPT-TE/All Emergency,,,,,Retention 365 Days,1,0.07,
4/2/2026 19:30,Pandemic.doc,/sites/H6323_SPOF/DPT-TE/DPT-TE/All Emergency,,,,,Retention 365 Days,1,0.12,
4/2/2026 19:30,HOTEL Fire Evacuation Procedure.doc,/sites/H6323_SPOF/DPT-TE/DPT-TE/Audit 1,,,,,Retention 365 Days,1,0.1,
4/2/2026 19:30,Leave Record Balance forecast end setp  2016.xlsx,/sites/H6323_SPOF/DPT-TE/DPT-TE/DUTY ROSTER,,,,,Retention 365 Days,2,0.06,
4/2/2026 19:30,Gas Consumption.xls,/sites/H6323_SPOF/DPT-TE/DPT-TE/GAS REPORT,,,,,Retention 365 Days,1,0.08,
4/2/2026 19:30,MONTHLY LOG SHEET GENERATOR'13.xls,/sites/H6323_SPOF/DPT-TE/DPT-TE/Generator,,,,,Retention 365 Days,1,0.21,
4/2/2026 19:30,Electric consumption of 2014-2022.xls,/sites/H6323_SPOF/DPT-TE/DPT-TE/Energy,,,,,Retention 365 Days,6,1.02,
4/2/2026 19:31,2021 - Shortcut.lnk,/sites/H6323_SPOF/DPT-TE/DPT-TE/Energy,,,,,Retention 365 Days,1,0,
4/2/2026 19:31,Electric consumption of 2014-2021.xls,/sites/H6323_SPOF/DPT-TE/DPT-TE/Energy,,,,,Retention 365 Days,3,0.51,
4/2/2026 19:31,ค่าไฟฟ้า ค่าน้ำ 2019 .xls,/sites/H6323_SPOF/DPT-TE/DPT-TE/Energy,,,,,Retention 365 Days,5,0.46,
4/2/2026 19:31,JobDescription(KP).doc,/sites/H6323_SPOF/DPT-TE/DPT-TE/Job description,,,,,Retention 365 Days,1,0.1,
4/2/2026 19:31,Maintenance contract 2020-2021.xls,/sites/H6323_SPOF/DPT-TE/DPT-TE/Maintenance contrac,,,,,Retention 365 Days,1,0.1,
4/2/2026 19:31,Memo Request master key Engineer.doc,/sites/H6323_SPOF/DPT-TE/DPT-TE/Memo Cash Advance,,,,,Retention 365 Days,3,0.57,
4/2/2026 19:31,Bathroom tile.xlsx,/sites/H6323_SPOF/DPT-TE/DPT-TE/Outdoor,,,,,Retention 365 Days,1,0.09,
4/2/2026 19:31,PURCHASE  REQUISITION OF ENGINEERING ON 2013.xls,/sites/H6323_SPOF/DPT-TE/DPT-TE/PR,,,,,Retention 365 Days,1,0.07,
4/2/2026 19:31,arcylic panel at swimming pool.ppt,/sites/H6323_SPOF/DPT-TE/DPT-TE/Project 2016,,,,,Retention 365 Days,1,2.02,
4/2/2026 19:31,Water Recycling Record - Pullman Kingpower.xlsx,/sites/H6323_SPOF/DPT-TE/DPT-TE/Reclycle water,,,,,Retention 365 Days,1,0.05,
4/2/2026 19:31,Refrige.xls,/sites/H6323_SPOF/DPT-TE/DPT-TE/write off,,,,,Retention 365 Days,1,0.05,
4/2/2026 19:31,TRAINING ATTENDANCE SHEET 2023.xls,/sites/H6323_SPOF/DPT-TE/DPT-TE/Too,,,,,Retention 365 Days,3,0.78,
4/2/2026 19:31,Kitchen PM schedule new.xlsx,/sites/H6323_SPOF/DPT-TE/DPT-TE/Too,,,,,Retention 365 Days,4,0.46,
4/2/2026 19:31,Copy of พื้นที่ทั้งหมดภายในโรงแรม 01-10-19 - Copy.xlsx,/sites/H6323_SPOF/DPT-TE/DPT-TE/พื้นที่อาคาร ทรัพย์สิน,,,,,Retention 365 Days,1,0.04,
4/2/2026 19:31,พื้นที่ทั้งหมดภายในโรงแรม 13.3.2024.xlsx,/sites/H6323_SPOF/DPT-TE/DPT-TE/พื้นที่อาคาร ทรัพย์สิน,,,,,Retention 365 Days,3,0.14,
4/2/2026 19:31,ฟอร์ม-งานระบบประกอบอาคาร.docx,/sites/H6323_SPOF/DPT-TE/DPT-TE/รายการ ระบบงานอาคาร Pullman,,,,,Retention 365 Days,10,0.34,
4/2/2026 19:31,หน้าปกสมุด.xls,/sites/H6323_SPOF/DPT-TE/DPT-TE/Too,,,,,Retention 365 Days,12,1.06,
4/2/2026 19:31,พื้นที่ทั้งหมดภายในโรงแรม .xlsx,/sites/H6323_SPOF/DPT-TE/DPT-TE/Too,,,,,Retention 365 Days,1,0.06,
4/2/2026 19:31,สันปก.xls,/sites/H6323_SPOF/DPT-TE/DPT-TE/Too,,,,,Retention 365 Days,2,0.41,
4/2/2026 19:31,กองทุนกู้ยืมเงินแผนกช่าง 08-06-2022.xls,/sites/H6323_SPOF/DPT-TE/DPT-TE/Too,,,,,Retention 365 Days,1,0.08,
4/2/2026 19:31,Fomat room.xls,/sites/H6323_SPOF/DPT-TE/DPT-TE/Too,,,,,Retention 365 Days,1,0.12,
4/2/2026 19:31,ชื่อติดหน้าแฟ้ม .xlsx,/sites/H6323_SPOF/DPT-TE/DPT-TE/Too,,,,,Retention 365 Days,1,0.02,
4/2/2026 19:31,40129.jpg,/sites/H6323_SPOF/DPT-TE/Picture Engineering/Engineering 2025,,,,,Retention 365 Days,1,0.02,
4/2/2026 19:31,Record PPM Room 2024.xlsx,/sites/H6323_SPOF/DPT-TE/N.POP/PPM Plan Report 2024,,,,,Retention 365 Days,1,0.33,
4/2/2026 19:31,Doc2.pdf,/sites/H6323_SPOF/DPT-TE/N.POP/Quotation project Fl.7-10,,,,,Retention 365 Days,1,0.18,
4/2/2026 19:31,Boiler project 2025.ppt,/sites/H6323_SPOF/DPT-TE/N.POP/Project Boiler 2025,,,,,Retention 365 Days,3,3.82,
4/2/2026 19:31,พื้นที่ทั้งหมดภายในโรงแรม 4.9.2024.xlsx,/sites/H6323_SPOF/DPT-TE/N.POP/พื้นที่อาคาร ทรัพย์สิน,,,,,Retention 365 Days,2,0.09,
4/2/2026 19:31,5.Painting ceiling Lobby Project.pdf,/sites/H6323_SPOF/DPT-TE/PPT BOARD KP/Project 2024,,,,,Retention 365 Days,3,1.55,
4/2/2026 19:31,Boiler 2025  Fix ENG.xls,/sites/H6323_SPOF/DPT-TE/PPT BOARD KP/Project Boiler 2025,,,,,Retention 365 Days,4,2.78,
4/2/2026 19:31,Projectect change system renovate Fl.7-10 Comparision.xlsx,/sites/H6323_SPOF/DPT-TE/PPT BOARD KP/Quotation project Fl.7-10,,,,,Retention 365 Days,1,0.02,
4/2/2026 19:31,LED wall for Eternity 2025.ppt,/sites/H6323_SPOF/DPT-TE/PPT BOARD KP/Project change LED wall Eternity 2025,,,,,Retention 365 Days,3,6.84,
4/2/2026 19:31,Copy of Fix ENG 2025.xls,/sites/H6323_SPOF/DPT-TE/PPT BOARD KP/Project change LED wall Eternity 2025,,,,,Retention 365 Days,1,1.4,
4/2/2026 19:31,Boiler project 2025.ppt,/sites/H6323_SPOF/DPT-TE/PPT BOARD KP/Project Boiler 2025,,,,,Retention 365 Days,6,42.54,
4/2/2026 19:32,SOUND DAILY SCHEDULE DECEMBER 2023.xlsx,/sites/H6323_SPOF/DPT-TE/Sound AV/SOUND DAILY SCHEDULE,,,,,Retention 365 Days,2,0.25,
4/2/2026 19:32,Electricity log sheet 2015.xls,/sites/H6323_SPOF/DPT-TE/DPT-TE/All log sheet/Monthly,,,,,Retention 365 Days,1,0.05,
4/2/2026 19:32,Fish pond daily log sheet.xls,/sites/H6323_SPOF/DPT-TE/DPT-TE/ALL LOG SHEET 2014/DAIRY LOG SHEET,,,,,Retention 365 Days,1,0.07,
4/2/2026 19:32,_Log sheet for print.xls,/sites/H6323_SPOF/DPT-TE/DPT-TE/All log sheet/Monthly,,,,,Retention 365 Days,3,0.78,
4/2/2026 19:32,plot.log,/sites/H6323_SPOF/DPT-TE/DPT-TE/CD AS BUILT/CD AS BUILT DRAWING SANITARY & FIRE SYSTEM,,,,,Retention 365 Days,16,0.03,
4/2/2026 19:32,2022Sept (Autosaved).xlsx,/sites/H6323_SPOF/DPT-TE/DPT-TE/DUTY ROSTER/2022,,,,,Retention 365 Days,10,2.84,
4/2/2026 19:32,04-2024 Apr.xlsx,/sites/H6323_SPOF/DPT-TE/DPT-TE/DUTY ROSTER/2024,,,,,Retention 365 Days,20,8.94,
4/2/2026 19:32,01-2023 Jan.xlsx,/sites/H6323_SPOF/DPT-TE/DPT-TE/DUTY ROSTER/2023,,,,,Retention 365 Days,30,4.5,
4/2/2026 19:32,2022 Nov.xlsx,/sites/H6323_SPOF/DPT-TE/DPT-TE/DUTY ROSTER/2022,,,,,Retention 365 Days,23,7.46,
4/2/2026 19:32,2023 May.xlsxใหม่.xlsx,/sites/H6323_SPOF/DPT-TE/DPT-TE/DUTY ROSTER/2023,,,,,Retention 365 Days,18,3.26,
4/2/2026 19:32,2023 Jan.xlsx,/sites/H6323_SPOF/DPT-TE/DPT-TE/DUTY ROSTER/2022,,,,,Retention 365 Days,14,1.33,
4/2/2026 19:32,01-2024 Jan.xlsx,/sites/H6323_SPOF/DPT-TE/DPT-TE/DUTY ROSTER/2024,,,,,Retention 365 Days,30,10.78,
4/2/2026 19:32,06-2024 Jun - Copy.xlsx,/sites/H6323_SPOF/DPT-TE/DPT-TE/DUTY ROSTER/2024,,,,,Retention 365 Days,3,1.48,
4/2/2026 19:32,2022 Dec.xlsx,/sites/H6323_SPOF/DPT-TE/DPT-TE/DUTY ROSTER/2022,,,,,Retention 365 Days,11,3.32,
4/2/2026 19:33,2022Sept.xlsx,/sites/H6323_SPOF/DPT-TE/DPT-TE/DUTY ROSTER/2022,,,,,Retention 365 Days,10,2.61,
4/2/2026 19:33,01 Jan 2025.xlsx,/sites/H6323_SPOF/DPT-TE/DPT-TE/DUTY ROSTER/2025,,,,,Retention 365 Days,2,1.8,
4/2/2026 19:33,06-2024 Jun.xlsx,/sites/H6323_SPOF/DPT-TE/DPT-TE/DUTY ROSTER/2024,,,,,Retention 365 Days,22,10.81,
4/2/2026 19:33,10-2023 October.xlsx,/sites/H6323_SPOF/DPT-TE/DPT-TE/DUTY ROSTER/2023,,,,,Retention 365 Days,29,9.16,
4/2/2026 19:33,02-2024 Feb.xlsx,/sites/H6323_SPOF/DPT-TE/DPT-TE/DUTY ROSTER/2024,,,,,Retention 365 Days,13,4.82,
4/2/2026 19:33,09-2023 September.xlsx,/sites/H6323_SPOF/DPT-TE/DPT-TE/DUTY ROSTER/2023,,,,,Retention 365 Days,23,6.81,
4/2/2026 19:33,08-2024 Aug.xlsx,/sites/H6323_SPOF/DPT-TE/DPT-TE/DUTY ROSTER/2024,,,,,Retention 365 Days,24,12.74,
4/2/2026 19:33,06-2023 Jun.xlsx,/sites/H6323_SPOF/DPT-TE/DPT-TE/DUTY ROSTER/2023,,,,,Retention 365 Days,16,3.42,
4/2/2026 19:33,2020-03 Daily meter MDB record.xls,/sites/H6323_SPOF/DPT-TE/DPT-TE/Energy/2020,,,,,Retention 365 Days,1,0.05,
4/2/2026 19:33,07-2024 JuL.xlsx,/sites/H6323_SPOF/DPT-TE/DPT-TE/DUTY ROSTER/2024,,,,,Retention 365 Days,25,12.84,
4/2/2026 19:33,07-2023 July.xlsx,/sites/H6323_SPOF/DPT-TE/DPT-TE/DUTY ROSTER/2023,,,,,Retention 365 Days,24,5.82,
4/2/2026 19:33,Electric consumption of 2014-2021.xls,/sites/H6323_SPOF/DPT-TE/DPT-TE/Energy/Energy,,,,,Retention 365 Days,1,0.17,
4/2/2026 19:33,WP เดือน 3-23.pdf,/sites/H6323_SPOF/DPT-TE/DPT-TE/Energy/Invoice WP 2023,,,,,Retention 365 Days,1,10.3,
4/2/2026 19:33,05-2024 May.xlsx,/sites/H6323_SPOF/DPT-TE/DPT-TE/DUTY ROSTER/2024,,,,,Retention 365 Days,15,7.07,
4/2/2026 19:33,WP เดือน 8-23.pdf,/sites/H6323_SPOF/DPT-TE/DPT-TE/Energy/Invoice WP 2023,,,,,Retention 365 Days,1,9.79,
4/2/2026 19:33,wp เดือน 9-23.pdf,/sites/H6323_SPOF/DPT-TE/DPT-TE/Energy/Invoice WP 2023,,,,,Retention 365 Days,1,10.15,
4/2/2026 19:33,WP เดือน 5-23.pdf,/sites/H6323_SPOF/DPT-TE/DPT-TE/Energy/Invoice WP 2023,,,,,Retention 365 Days,1,9.65,
4/2/2026 19:33,WP เดือน 2-23.pdf,/sites/H6323_SPOF/DPT-TE/DPT-TE/Energy/Invoice WP 2023,,,,,Retention 365 Days,1,11.11,
4/2/2026 19:33,WP เดือน 1-23.pdf,/sites/H6323_SPOF/DPT-TE/DPT-TE/Energy/Invoice WP 2023,,,,,Retention 365 Days,1,11.54,
4/2/2026 19:33,WP เดือน 6-23.pdf,/sites/H6323_SPOF/DPT-TE/DPT-TE/Energy/Invoice WP 2023,,,,,Retention 365 Days,1,9.99,
4/2/2026 19:33,12-2023 December.xlsx,/sites/H6323_SPOF/DPT-TE/DPT-TE/DUTY ROSTER/2023,,,,,Retention 365 Days,22,7.21,
4/2/2026 19:33,WP เดือน 7-23.pdf,/sites/H6323_SPOF/DPT-TE/DPT-TE/Energy/Invoice WP 2023,,,,,Retention 365 Days,1,10.07,
4/2/2026 19:33,WP เดือน 4-23.pdf,/sites/H6323_SPOF/DPT-TE/DPT-TE/Energy/Invoice WP 2023,,,,,Retention 365 Days,1,1.62,
4/2/2026 19:33,03-2024 Mar.xlsx,/sites/H6323_SPOF/DPT-TE/DPT-TE/DUTY ROSTER/2024,,,,,Retention 365 Days,23,9.36,
4/2/2026 19:33,Attend complaint on cooking gas problem.doc,/sites/H6323_SPOF/DPT-TE/DPT-TE/Job description/SOP,,,,,Retention 365 Days,2,0.34,
4/2/2026 19:33,Preventive maintenance of pump.doc,/sites/H6323_SPOF/DPT-TE/DPT-TE/Job description/SOP,,,,,Retention 365 Days,1,0.17,
4/2/2026 19:33,"Handling ventilation,exhaust system.doc",/sites/H6323_SPOF/DPT-TE/DPT-TE/Job description/SOP,,,,,Retention 365 Days,1,0.17,
4/2/2026 19:33,Preventive maintenance of Boiler stack.doc,/sites/H6323_SPOF/DPT-TE/DPT-TE/Job description/SOP,,,,,Retention 365 Days,1,0.17,
4/2/2026 19:33,Preventive maintenance of operator room sound system.doc,/sites/H6323_SPOF/DPT-TE/DPT-TE/Job description/SOP,,,,,Retention 365 Days,1,0.17,
4/2/2026 19:33,Rooftop water tank daily check.doc,/sites/H6323_SPOF/DPT-TE/DPT-TE/Job description/SOP,,,,,Retention 365 Days,1,0.17,
4/2/2026 19:33,08-2023 August.xlsx,/sites/H6323_SPOF/DPT-TE/DPT-TE/DUTY ROSTER/2023,,,,,Retention 365 Days,30,8.46,
4/2/2026 19:33,Price List.xlsx,/sites/H6323_SPOF/DPT-TE/DPT-TE/KARMONCHANOKK/Damage Charge Guest Room,,,,,Retention 365 Days,7,2.42,
4/2/2026 19:33,Check List Defect Earthquake 28-3-2025.xlsx,/sites/H6323_SPOF/DPT-TE/DPT-TE/KARMONCHANOKK/Earthquake 2025 แผ่นดินไหว,,,,,Retention 365 Days,5,0.44,
4/2/2026 19:33,Cash Advanced Memo.LNK,/sites/H6323_SPOF/DPT-TE/DPT-TE/KARMONCHANOKK/Memo KPI,,,,,Retention 365 Days,1,0,
4/2/2026 19:33,11-2023 November.xlsx,/sites/H6323_SPOF/DPT-TE/DPT-TE/DUTY ROSTER/2023,,,,,Retention 365 Days,29,9.33,
4/2/2026 19:33,Name list ENG 2023.xlsx,/sites/H6323_SPOF/DPT-TE/DPT-TE/KARMONCHANOKK/Organization chart Engineering department,,,,,Retention 365 Days,1,0.02,
4/2/2026 19:33,PM THE SWIMMING POOL ON JUNE 2020.docx,/sites/H6323_SPOF/DPT-TE/DPT-TE/KARMONCHANOKK/PM & Maintenance room 2020-2021,,,,,Retention 365 Days,1,0.61,
4/2/2026 19:33,แบบสำรวจความเสียหาย เคลมประกัน.xlsx,/sites/H6323_SPOF/DPT-TE/DPT-TE/KARMONCHANOKK/Earthquake 2025 แผ่นดินไหว,,,,,Retention 90 Days,26,551.6,
4/2/2026 19:34,Room reord defect by Engineer Fl.7-10.xls,/sites/H6323_SPOF/DPT-TE/DPT-TE/KARMONCHANOKK/Renovate 2025,,,,,Retention 365 Days,3,3.77,
4/2/2026 19:34,Synergy Consumption Record.xls,/sites/H6323_SPOF/DPT-TE/DPT-TE/Katt/Consumption Record of Synnergy,,,,,Retention 365 Days,1,0.05,
4/2/2026 19:34,CHANGE TIME REQUESTED (NEW).doc,/sites/H6323_SPOF/DPT-TE/DPT-TE/Katt/Duty roster,,,,,Retention 365 Days,2,0.18,
4/2/2026 19:34,Preventive maintenance 2nd round records .xls,/sites/H6323_SPOF/DPT-TE/DPT-TE/Katt/PM Room,,,,,Retention 365 Days,1,0.09,
4/2/2026 19:34,Copy of HK ooo room (2).xls,/sites/H6323_SPOF/DPT-TE/DPT-TE/Katt/PM Room,,,,,Retention 365 Days,1,0.09,
4/2/2026 19:34,Preventive maintenance 2nd.xls,/sites/H6323_SPOF/DPT-TE/DPT-TE/Katt/PM Room,,,,,Retention 365 Days,1,0.09,
4/2/2026 19:34,LD maintenance since 2007en.xlsx,/sites/H6323_SPOF/DPT-TE/DPT-TE/Laundry/LD Machines,,,,,Retention 365 Days,1,5.16,
4/2/2026 19:34,7E63E400,/sites/H6323_SPOF/DPT-TE/DPT-TE/Laundry/LD Machines,,,,,Retention 365 Days,2,74.46,
4/2/2026 19:34,Main Chiller No.3 27.xlsm,/sites/H6323_SPOF/DPT-TE/DPT-TE/Out/Chiller,,,,,Retention 365 Days,2,0.3,
4/2/2026 19:34,E7-3 FA ชั้น V FLOOR.dwg,/sites/H6323_SPOF/DPT-TE/DPT-TE/Plan Pullman autocad/E7-V FLOOR,,,,,Retention 365 Days,1,5.51,
4/2/2026 19:35,Cold room Log Sheet.xls,/sites/H6323_SPOF/DPT-TE/DPT-TE/Too/Daily log cheet,,,,,Retention 365 Days,1,0.11,
4/2/2026 19:35,Boiler Log  Sheet New 2020.xls,/sites/H6323_SPOF/DPT-TE/DPT-TE/Too/Daily log cheet,,,,,Retention 365 Days,1,0.09,
4/2/2026 19:35,รายงานฯพลังงาน  ปี 61.xls,/sites/H6323_SPOF/DPT-TE/DPT-TE/Too/Energy,,,,,Retention 365 Days,1,22.26,
4/2/2026 19:35,Electric consumption of 2014-2021.xls,/sites/H6323_SPOF/DPT-TE/DPT-TE/Too/Energy,,,,,Retention 365 Days,1,0.17,
4/2/2026 19:35,Lift off NEC 2400 IPX.xls,/sites/H6323_SPOF/DPT-TE/DPT-TE/Too/Fixed Asset Disposal,,,,,Retention 365 Days,1,0.08,
4/2/2026 19:35,ตารางแสดงผลการวิเคราะห์คุณภาพน้ำ.xlsx,/sites/H6323_SPOF/DPT-TE/DPT-TE/Too/Green hotel 2021,,,,,Retention 365 Days,1,0.02,
4/2/2026 19:35,Maintenance contract 2020-2022.xls,/sites/H6323_SPOF/DPT-TE/DPT-TE/Too/Maintanance contract,,,,,Retention 365 Days,1,0.11,
4/2/2026 19:35,MONTHLY LOG SHEET GENERATOR.xls,/sites/H6323_SPOF/DPT-TE/DPT-TE/Too/Monthry log cheet,,,,,Retention 365 Days,1,0.26,
4/2/2026 19:35,Gas meter.xls,/sites/H6323_SPOF/DPT-TE/DPT-TE/Too/Monthry log cheet,,,,,Retention 365 Days,1,0.08,
4/2/2026 19:35,MDF PULLMAN KING POWER.xlsx,/sites/H6323_SPOF/DPT-TE/DPT-TE/Too/MDF layout Too 14-03-2022,,,,,Retention 365 Days,8,1.26,
4/2/2026 19:35,Eternity log sheet.xls,/sites/H6323_SPOF/DPT-TE/DPT-TE/Too/Monthry log cheet,,,,,Retention 365 Days,1,0.08,
4/2/2026 19:35,TRAINING ATTENDANCE SHEET 2024.xls,/sites/H6323_SPOF/DPT-TE/DPT-TE/Too/Training 2023,,,,,Retention 365 Days,2,0.51,
4/2/2026 19:35,TRAINING ATTENDANCE SHEET 2023.xls,/sites/H6323_SPOF/DPT-TE/DPT-TE/Too/Training 2023,,,,,Retention 365 Days,1,0.26,
4/2/2026 19:35,TRAINING ATTENDANCE SHEET 2024.xls,/sites/H6323_SPOF/DPT-TE/DPT-TE/Too/Training 2024,,,,,Retention 365 Days,6,1.54,
4/2/2026 19:35,TRAINING ATTENDANCE SHEET 2026.xls,/sites/H6323_SPOF/DPT-TE/DPT-TE/Too/Training 2026,,,,,Retention 90 Days,3,0.77,
4/2/2026 19:35,TRAINING ATTENDANCE SHEET 2025.xls,/sites/H6323_SPOF/DPT-TE/DPT-TE/Too/Training 2025,,,,,Retention 90 Days,12,3.04,
4/2/2026 19:35,_Log sheet for print.xls,/sites/H6323_SPOF/DPT-TE/DPT-TE/Too/Monthry log cheet,,,,,Retention 365 Days,30,7.56,
4/2/2026 19:35,Quotation Service - MOC (Lift) 16-09-19.pdf,/sites/H6323_SPOF/DPT-TE/DPT-TE/Too/ใบเสนอราคา 2019-2020,,,,,Retention 365 Days,1,0.28,
4/2/2026 19:35,Comparision cost  cake showcase at Junction.pdf,/sites/H6323_SPOF/DPT-TE/Plan 2025 ENG/Kitchen/Quotation,,,,,Retention 365 Days,1,0.45,
4/2/2026 19:36,Pondeelerd Renovate Reference.pdf,/sites/H6323_SPOF/DPT-TE/PPT BOARD KP/Renovate guestroom/PDL,,,,,Retention 365 Days,1,2.02,
4/2/2026 19:36,7.EE July 2024.pdf,/sites/H6323_SPOF/DPT-TE/Energy Gaia 2.0 Invoice/2024/Electricity bill/EE 2024,,,,,Retention 365 Days,1,0.11,
4/2/2026 19:36,Floor Plan All 1.ppt,/sites/H6323_SPOF/DPT-TE/DPT-TE/Audit 1/Safety Equipment Floor Plan/Safety floor plan All,,,,,Retention 365 Days,1,1.48,
4/2/2026 19:36,Electric.doc,/sites/H6323_SPOF/DPT-TE/DPT-TE/Energy/2009/Daily meter,,,,,Retention 365 Days,1,0.03,
4/2/2026 19:36,ECS Synergy '13.xls,/sites/H6323_SPOF/DPT-TE/DPT-TE/Energy/2013/Energy consumptiom,,,,,Retention 365 Days,2,0.18,
4/2/2026 19:36,ECS Synergy '16.xls,/sites/H6323_SPOF/DPT-TE/DPT-TE/Energy/2016/Energy consumptiom,,,,,Retention 365 Days,2,0.36,
4/2/2026 19:36,Energy Consumption.xls,/sites/H6323_SPOF/DPT-TE/DPT-TE/Energy/2019/Daily meter,,,,,Retention 365 Days,2,1.43,
4/2/2026 19:36,ECS report of  April'19.xls,/sites/H6323_SPOF/DPT-TE/DPT-TE/Energy/2019/ECS,,,,,Retention 365 Days,1,0.09,
4/2/2026 19:36,ECS report of  March '19.xls,/sites/H6323_SPOF/DPT-TE/DPT-TE/Energy/2019/ECS,,,,,Retention 365 Days,1,0.09,
4/2/2026 19:36,ENERGY CONSUMPTION RECORD'19.xls,/sites/H6323_SPOF/DPT-TE/DPT-TE/Energy/2019/Energy consumptiom,,,,,Retention 365 Days,1,0.11,
4/2/2026 19:36,Energy Total Daily Report.xls,/sites/H6323_SPOF/DPT-TE/DPT-TE/Energy/2019/Daily meter,,,,,Retention 365 Days,3,13.45,
4/2/2026 19:36,ECS report of  Nov'19.xls,/sites/H6323_SPOF/DPT-TE/DPT-TE/Energy/2020/ECS,,,,,Retention 365 Days,1,0.1,
4/2/2026 19:36,ECS report of  Dec'19.xls,/sites/H6323_SPOF/DPT-TE/DPT-TE/Energy/2020/ECS,,,,,Retention 365 Days,1,0.1,
4/2/2026 19:36,MIS FORMAT 2021 Mar.xls,/sites/H6323_SPOF/DPT-TE/DPT-TE/Energy/2021/Mis,,,,,Retention 365 Days,1,0.09,
4/2/2026 19:37,MIS FORMAT 2021 Jan.xls,/sites/H6323_SPOF/DPT-TE/DPT-TE/Energy/2021/Mis,,,,,Retention 365 Days,2,0.16,
4/2/2026 19:37,ECS report of Aug'22 .xls,/sites/H6323_SPOF/DPT-TE/DPT-TE/Energy/2022/ECS,,,,,Retention 365 Days,1,0.11,
4/2/2026 19:37,MIS FORMAT 2021 Dec.xls,/sites/H6323_SPOF/DPT-TE/DPT-TE/Energy/2021/Mis,,,,,Retention 365 Days,1,0.09,
4/2/2026 19:37,MIS FORMAT 2022 Jan.xls,/sites/H6323_SPOF/DPT-TE/DPT-TE/Energy/2022/Mis,,,,,Retention 365 Days,1,0.09,
4/2/2026 19:37,MIS FORMAT 2022 Mar .xls,/sites/H6323_SPOF/DPT-TE/DPT-TE/Energy/2022/Mis,,,,,Retention 365 Days,1,0.09,
4/2/2026 19:37,Energy Consumption.xls,/sites/H6323_SPOF/DPT-TE/DPT-TE/Energy/2022/Daily meter,,,,,Retention 365 Days,23,19.87,
4/2/2026 19:37,ECS report of May'23   -.xls,/sites/H6323_SPOF/DPT-TE/DPT-TE/Energy/2023/ECS,,,,,Retention 365 Days,11,1.14,
4/2/2026 19:37,Energy Total Daily Report.xls,/sites/H6323_SPOF/DPT-TE/DPT-TE/Energy/2023/Daily meter,,,,,Retention 365 Days,18,45.9,
4/2/2026 19:37,ECS report of Dec'23 .xls,/sites/H6323_SPOF/DPT-TE/DPT-TE/Energy/2023/ECS,,,,,Retention 365 Days,10,1.04,
4/2/2026 19:37,Energy Total Daily Report.xls,/sites/H6323_SPOF/DPT-TE/DPT-TE/Energy/2022/Daily meter,,,,,Retention 365 Days,13,32.8,
4/2/2026 19:37,ENERGY BOARD June'22.xls,/sites/H6323_SPOF/DPT-TE/DPT-TE/Energy/2023/Energy board,,,,,Retention 365 Days,1,1.09,
4/2/2026 19:37,ECS report of Apr'23  .xls,/sites/H6323_SPOF/DPT-TE/DPT-TE/Energy/2023/ECS,,,,,Retention 365 Days,6,0.63,
4/2/2026 19:37,ENERGY BOARD Jul'22.xls,/sites/H6323_SPOF/DPT-TE/DPT-TE/Energy/2023/Energy board,,,,,Retention 365 Days,2,2.19,
4/2/2026 19:37,Copy of Energy Total Daily Report.xls,/sites/H6323_SPOF/DPT-TE/DPT-TE/Energy/2023/Daily meter,,,,,Retention 365 Days,13,32.75,
4/2/2026 19:37,ENERGY BOARD Jan'23.xls,/sites/H6323_SPOF/DPT-TE/DPT-TE/Energy/2023/Energy board,,,,,Retention 365 Days,1,1.08,
4/2/2026 19:37,ECS report of June'23 .xls,/sites/H6323_SPOF/DPT-TE/DPT-TE/Energy/2023/ECS,,,,,Retention 365 Days,9,0.94,
4/2/2026 19:37,JV Engineer  February 2023.xlsx,/sites/H6323_SPOF/DPT-TE/DPT-TE/Energy/2023/LPG to recieving,,,,,Retention 365 Days,3,1.44,
4/2/2026 19:37,JV Engineer June 2023.xlsx,/sites/H6323_SPOF/DPT-TE/DPT-TE/Energy/2023/LPG to recieving,,,,,Retention 365 Days,3,1.43,
4/2/2026 19:37,JV Engineer Dec 2023.xlsx,/sites/H6323_SPOF/DPT-TE/DPT-TE/Energy/2023/LPG to recieving,,,,,Retention 365 Days,2,0.96,
4/2/2026 19:37,JV Engineer March 2023 .xlsx,/sites/H6323_SPOF/DPT-TE/DPT-TE/Energy/2023/LPG to recieving,,,,,Retention 365 Days,1,0.48,
4/2/2026 19:37,ECS report of Aug'23 .xls,/sites/H6323_SPOF/DPT-TE/DPT-TE/Energy/2023/ECS,,,,,Retention 365 Days,11,1.15,
4/2/2026 19:37,JV Engineer Nov 2023 .xlsx,/sites/H6323_SPOF/DPT-TE/DPT-TE/Energy/2023/LPG to recieving,,,,,Retention 365 Days,3,1.44,
4/2/2026 19:37,Energy Consumption.xls,/sites/H6323_SPOF/DPT-TE/DPT-TE/Energy/2023/Daily meter,,,,,Retention 365 Days,20,16.95,
4/2/2026 19:37,JV Engineer January 2023. .xlsx,/sites/H6323_SPOF/DPT-TE/DPT-TE/Energy/2023/LPG to recieving,,,,,Retention 365 Days,3,1.44,
4/2/2026 19:37,JV Engineer Oct 2023 .xlsx,/sites/H6323_SPOF/DPT-TE/DPT-TE/Energy/2023/LPG to recieving,,,,,Retention 365 Days,2,0.96,
4/2/2026 19:37,ECS report of Jan'23 Revise  .xls,/sites/H6323_SPOF/DPT-TE/DPT-TE/Energy/2023/ECS,,,,,Retention 365 Days,7,0.72,
4/2/2026 19:37,JV Engineer Apr 2023 .xlsx,/sites/H6323_SPOF/DPT-TE/DPT-TE/Energy/2023/LPG to recieving,,,,,Retention 365 Days,1,0.48,
4/2/2026 19:37,JV Engineer July 2023 .xlsx,/sites/H6323_SPOF/DPT-TE/DPT-TE/Energy/2023/LPG to recieving,,,,,Retention 365 Days,4,1.91,
4/2/2026 19:37,04.ECS report of Apr'24  .xls,/sites/H6323_SPOF/DPT-TE/DPT-TE/Energy/2024/ECS,,,,,Retention 365 Days,6,0.6,
4/2/2026 19:37,JV Engineer Aug 2023 .xlsx,/sites/H6323_SPOF/DPT-TE/DPT-TE/Energy/2023/LPG to recieving,,,,,Retention 365 Days,3,1.43,
4/2/2026 19:37,11.ECS report of Nov'24.xls,/sites/H6323_SPOF/DPT-TE/DPT-TE/Energy/2024/ECS,,,,,Retention 365 Days,2,0.19,
4/2/2026 19:37,ECS report of Nov'23 .xls,/sites/H6323_SPOF/DPT-TE/DPT-TE/Energy/2023/ECS,,,,,Retention 365 Days,15,1.56,
4/2/2026 19:37,03.ECS report of Mar'24  .xls,/sites/H6323_SPOF/DPT-TE/DPT-TE/Energy/2024/ECS,,,,,Retention 365 Days,7,0.7,
4/2/2026 19:37,ECS report of Mar'23  .xls,/sites/H6323_SPOF/DPT-TE/DPT-TE/Energy/2023/ECS,,,,,Retention 365 Days,6,0.63,
4/2/2026 19:37,05.ECS report of May'24.xls,/sites/H6323_SPOF/DPT-TE/DPT-TE/Energy/2024/ECS,,,,,Retention 365 Days,8,0.78,
4/2/2026 19:37,04.ECS report of Apl'25.xls,/sites/H6323_SPOF/DPT-TE/DPT-TE/Energy/2025/ECS,,,,,Retention 365 Days,2,0.2,
4/2/2026 19:37,ECS report of Feb'23 .xls,/sites/H6323_SPOF/DPT-TE/DPT-TE/Energy/2023/ECS,,,,,Retention 365 Days,7,0.75,
4/2/2026 19:37,ECS report of Sep'23 Revise .xls,/sites/H6323_SPOF/DPT-TE/DPT-TE/Energy/2023/ECS,,,,,Retention 365 Days,2,0.21,
4/2/2026 19:37,03.ECS report of Mar'25.xls,/sites/H6323_SPOF/DPT-TE/DPT-TE/Energy/2025/ECS,,,,,Retention 365 Days,3,0.29,
4/2/2026 19:37,07.ECS report of July'24  .xls,/sites/H6323_SPOF/DPT-TE/DPT-TE/Energy/2024/ECS,,,,,Retention 365 Days,9,0.91,
4/2/2026 19:37,02.ECS report of Feb'25.xls,/sites/H6323_SPOF/DPT-TE/DPT-TE/Energy/2025/ECS,,,,,Retention 365 Days,3,0.29,
4/2/2026 19:37,ECS report of Oct'23 .xls,/sites/H6323_SPOF/DPT-TE/DPT-TE/Energy/2023/ECS,,,,,Retention 365 Days,6,0.64,
4/2/2026 19:37,02. ECS report of Feb'24 .xls,/sites/H6323_SPOF/DPT-TE/DPT-TE/Energy/2024/ECS,,,,,Retention 365 Days,6,0.59,
4/2/2026 19:37,03. MIS FORMAT Mar 2025 .xls,/sites/H6323_SPOF/DPT-TE/DPT-TE/Energy/2025/Mis,,,,,Retention 365 Days,2,0.16,
4/2/2026 19:37,10.ECS report of Oct'24.xls,/sites/H6323_SPOF/DPT-TE/DPT-TE/Energy/2024/ECS,,,,,Retention 365 Days,6,0.58,
4/2/2026 19:37,01. MIS FORMAT Jan 2025.xls,/sites/H6323_SPOF/DPT-TE/DPT-TE/Energy/2025/Mis,,,,,Retention 365 Days,1,0.08,
4/2/2026 19:37,02. MIS FORMAT Feb 2025.xls,/sites/H6323_SPOF/DPT-TE/DPT-TE/Energy/2025/Mis,,,,,Retention 365 Days,2,0.16,
4/2/2026 19:37,ECS report of July'23 .xls,/sites/H6323_SPOF/DPT-TE/DPT-TE/Energy/2023/ECS,,,,,Retention 365 Days,19,1.99,
4/2/2026 19:37,01. ECS report of Jan'24 .xls,/sites/H6323_SPOF/DPT-TE/DPT-TE/Energy/2024/ECS,,,,,Retention 365 Days,11,1.09,
4/2/2026 19:37,12.ECS report of Dec'24.xls,/sites/H6323_SPOF/DPT-TE/DPT-TE/Energy/2024/ECS,,,,,Retention 365 Days,4,0.39,
4/2/2026 19:37,08.ECS report of Aug'24.xls,/sites/H6323_SPOF/DPT-TE/DPT-TE/Energy/2024/ECS,,,,,Retention 365 Days,3,0.29,
4/2/2026 19:37,06.ECS report of June'24 .xls,/sites/H6323_SPOF/DPT-TE/DPT-TE/Energy/2024/ECS,,,,,Retention 365 Days,3,0.31,
4/2/2026 19:37,Electric Report of 2012-2013.xls,/sites/H6323_SPOF/DPT-TE/DPT-TE/Energy/GM REPORT/2013-2014,,,,,Retention 365 Days,1,0.06,
4/2/2026 19:37,Water report send to king power 2022.xls,/sites/H6323_SPOF/DPT-TE/DPT-TE/Energy/water report to king power/Water to king power 2022,,,,,Retention 365 Days,3,1.88,
4/2/2026 19:38,Water report send to king power .xls,/sites/H6323_SPOF/DPT-TE/DPT-TE/Energy/water report to king power/Water to King power 2025,,,,,Retention 365 Days,10,8.93,
4/2/2026 19:38,Water report send to king power .xls,/sites/H6323_SPOF/DPT-TE/DPT-TE/Energy/water report to king power/Water to King power 2024,,,,,Retention 365 Days,14,10.94,
4/2/2026 19:38,Water report send to king power .xls,/sites/H6323_SPOF/DPT-TE/DPT-TE/Energy/water report to king power/Water to King power 2023,,,,,Retention 365 Days,30,20.55,
4/2/2026 19:38,Equipment Fl.5.xlsx,/sites/H6323_SPOF/DPT-TE/DPT-TE/KARMONCHANOKK/Renovate 2025/รูปภาพอุปกรณ์ในห้องพักแขกที่ต้องเก็บ  ชั้น7-10 และ Tenshino และห้องประชุมชั้น 2,,,,,Retention 365 Days,2,3.52,
4/2/2026 19:38,"Projector meeting room Fl.2, and Eternity .xlsx",/sites/H6323_SPOF/DPT-TE/DPT-TE/KARMONCHANOKK/Renovate 2025/รูปภาพอุปกรณ์ในห้องพักแขกที่ต้องเก็บ  ชั้น7-10 และ Tenshino และห้องประชุมชั้น 2,,,,,Retention 90 Days,1,10.62,
4/2/2026 19:39,ชุดเครื่องเสียง ดนตรีสด.docx,/sites/H6323_SPOF/DPT-TE/DPT-TE/KARMONCHANOKK/สันปก/Sound AV,,,,,Retention 365 Days,3,1.25,
4/2/2026 19:39,รูปอุปกรณ์ห้องประชุมโรงแรมPullman.docx,/sites/H6323_SPOF/DPT-TE/DPT-TE/KARMONCHANOKK/สันปก/Sound AV,,,,,Retention 365 Days,2,0.96,
4/2/2026 19:39,"LCD Projector record , Equiptment All meeting room..xlsx",/sites/H6323_SPOF/DPT-TE/DPT-TE/KARMONCHANOKK/สันปก/Sound AV,,,,,Retention 365 Days,7,3.83,
4/2/2026 19:39,PPM Plan DETAILED - Example.xls,/sites/H6323_SPOF/DPT-TE/DPT-TE/Key to succes/Templates/PPM Plans - Examples,,,,,Retention 365 Days,1,0.33,
4/2/2026 19:39,IC 450-13 Decorate glass above the bed was broken.doc,/sites/H6323_SPOF/DPT-TE/DPT-TE/Katt/Incident Report/Incident Report 2013,,,,,Retention 365 Days,1,0.55,
4/2/2026 19:40,Cash Advance Memo.doc,/sites/H6323_SPOF/DPT-TE/DPT-TE/MEMO/Memo/2014,,,,,Retention 365 Days,1,0.28,
4/2/2026 19:40,Exhaust Fan.doc,/sites/H6323_SPOF/DPT-TE/DPT-TE/MEMO/Memo/2014,,,,,Retention 365 Days,1,0.19,
4/2/2026 19:40,10 Oct.xlsm,/sites/H6323_SPOF/DPT-TE/DPT-TE/Out/Meter/2023,,,,,Retention 365 Days,30,64.57,
4/2/2026 19:40,09 Sep.xlsm,/sites/H6323_SPOF/DPT-TE/DPT-TE/Out/Meter/2023,,,,,Retention 365 Days,30,64.72,
4/2/2026 19:41,แปลนน้ำรั่ว.xlsx,/sites/H6323_SPOF/DPT-TE/DPT-TE/Outdoor/Desssss/เสนอราคา,,,,,Retention 365 Days,2,3.19,
4/2/2026 19:41,07 Jul.xlsm,/sites/H6323_SPOF/DPT-TE/DPT-TE/Out/Meter/2023,,,,,Retention 365 Days,30,49.8,
4/2/2026 19:41,06 Jun.xlsm,/sites/H6323_SPOF/DPT-TE/DPT-TE/Out/Meter/2023,,,,,Retention 365 Days,11,18.13,
4/2/2026 19:41,08 Aug.xlsm,/sites/H6323_SPOF/DPT-TE/DPT-TE/Out/Meter/2023,,,,,Retention 365 Days,30,65.44,
4/2/2026 19:41,Water report send to king power .xls,/sites/H6323_SPOF/DPT-TE/DPT-TE/Out/Meter/2023,,,,,Retention 365 Days,3,1.99,
4/2/2026 19:41,Copy of ขออนุมัติทาสีอาคาร 2.doc,/sites/H6323_SPOF/DPT-TE/DPT-TE/Too/MEMO/Memo KPI,,,,,Retention 365 Days,1,0.06,
4/2/2026 19:41,Copy of อนุมัติเปลี่ยนหลอดไฟ.doc,/sites/H6323_SPOF/DPT-TE/DPT-TE/Too/MEMO/Memo KPI,,,,,Retention 365 Days,1,0.2,
4/2/2026 19:41,แบบฟอร์มส่งเอกสาร.xls,/sites/H6323_SPOF/DPT-TE/DPT-TE/Too/MEMO/Memo KPI,,,,,Retention 365 Days,1,0.15,
4/2/2026 19:41,MEMORANDUM1.doc,/sites/H6323_SPOF/DPT-TE/DPT-TE/Too/MEMO/Memo KPI,,,,,Retention 365 Days,1,0.07,
4/2/2026 19:41,MIS FORMAT 2022 Jan.xls,/sites/H6323_SPOF/DPT-TE/DPT-TE/Energy/2023/Mis/MIS 2022,,,,,Retention 365 Days,1,0.09,
4/2/2026 19:41,MIS FORMAT 2022 Dec.xls,/sites/H6323_SPOF/DPT-TE/DPT-TE/Energy/2023/Mis/MIS 2022,,,,,Retention 365 Days,1,0.09,
4/2/2026 19:41,MIS FORMAT 2022 Nov.xls,/sites/H6323_SPOF/DPT-TE/DPT-TE/Energy/2023/Mis/MIS 2022,,,,,Retention 365 Days,1,0.09,
4/2/2026 19:42,MIS FORMAT 2023 MAY.xls,/sites/H6323_SPOF/DPT-TE/DPT-TE/Energy/2023/Mis/MIS 2023,,,,,Retention 365 Days,5,0.42,
4/2/2026 19:42,JV Engineer Aug 2023 .xlsx,/sites/H6323_SPOF/DPT-TE/DPT-TE/Energy/2024/LPG to recieving/2023,,,,,Retention 365 Days,1,0.48,
4/2/2026 19:42,MIS FORMAT 2022 Sep.xls,/sites/H6323_SPOF/DPT-TE/DPT-TE/Energy/2023/Mis/MIS 2022,,,,,Retention 365 Days,1,0.09,
4/2/2026 19:42,MIS FORMAT 2022 June .xls,/sites/H6323_SPOF/DPT-TE/DPT-TE/Energy/2023/Mis/MIS 2022,,,,,Retention 365 Days,1,0.09,
4/2/2026 19:42,JV Engineer Oct 2023 .xlsx,/sites/H6323_SPOF/DPT-TE/DPT-TE/Energy/2024/LPG to recieving/2023,,,,,Retention 365 Days,1,0.48,
4/2/2026 19:42,MIS FORMAT 2023 DEC.xls,/sites/H6323_SPOF/DPT-TE/DPT-TE/Energy/2023/Mis/MIS 2023,,,,,Retention 365 Days,3,0.26,
4/2/2026 19:42,MIS FORMAT 2022 Feb.xls,/sites/H6323_SPOF/DPT-TE/DPT-TE/Energy/2023/Mis/MIS 2022,,,,,Retention 365 Days,1,0.09,
4/2/2026 19:42,JV Engineer July 2023 .xlsx,/sites/H6323_SPOF/DPT-TE/DPT-TE/Energy/2024/LPG to recieving/2023,,,,,Retention 365 Days,1,0.48,
4/2/2026 19:42,MIS FORMAT 2022 July.xls,/sites/H6323_SPOF/DPT-TE/DPT-TE/Energy/2023/Mis/MIS 2022,,,,,Retention 365 Days,1,0.09,
4/2/2026 19:42,JV Engineer Apr 2023 .xlsx,/sites/H6323_SPOF/DPT-TE/DPT-TE/Energy/2024/LPG to recieving/2023,,,,,Retention 365 Days,1,0.48,
4/2/2026 19:42,MIS FORMAT 2022 Apr  .xls,/sites/H6323_SPOF/DPT-TE/DPT-TE/Energy/2023/Mis/MIS 2022,,,,,Retention 365 Days,1,0.09,
4/2/2026 19:42,JV Engineer Sep 2023.xlsx,/sites/H6323_SPOF/DPT-TE/DPT-TE/Energy/2024/LPG to recieving/2023,,,,,Retention 365 Days,1,0.48,
4/2/2026 19:42,MIS FORMAT 2022 May .xls,/sites/H6323_SPOF/DPT-TE/DPT-TE/Energy/2023/Mis/MIS 2022,,,,,Retention 365 Days,1,0.09,
4/2/2026 19:42,JV Engineer March 2023 .xlsx,/sites/H6323_SPOF/DPT-TE/DPT-TE/Energy/2024/LPG to recieving/2023,,,,,Retention 365 Days,1,0.48,
4/2/2026 19:42,MIS FORMAT 2022 Aug.xls,/sites/H6323_SPOF/DPT-TE/DPT-TE/Energy/2023/Mis/MIS 2022,,,,,Retention 365 Days,1,0.09,
4/2/2026 19:42,JV Engineer June 2023.xlsx,/sites/H6323_SPOF/DPT-TE/DPT-TE/Energy/2024/LPG to recieving/2023,,,,,Retention 365 Days,1,0.48,
4/2/2026 19:42,MIS FORMAT 2022 Mar .xls,/sites/H6323_SPOF/DPT-TE/DPT-TE/Energy/2023/Mis/MIS 2022,,,,,Retention 365 Days,1,0.09,
4/2/2026 19:42,MIS FORMAT 2023 July.xls,/sites/H6323_SPOF/DPT-TE/DPT-TE/Energy/2023/Mis/MIS 2023,,,,,Retention 365 Days,8,0.68,
4/2/2026 19:42,JV Engineer January 2023. .xlsx,/sites/H6323_SPOF/DPT-TE/DPT-TE/Energy/2024/LPG to recieving/2023,,,,,Retention 365 Days,1,0.48,
4/2/2026 19:42,JV Engineer  February 2023.xlsx,/sites/H6323_SPOF/DPT-TE/DPT-TE/Energy/2024/LPG to recieving/2023,,,,,Retention 365 Days,1,0.48,
4/2/2026 19:42,MIS FORMAT 2023 March.xls,/sites/H6323_SPOF/DPT-TE/DPT-TE/Energy/2023/Mis/MIS 2023,,,,,Retention 365 Days,2,0.17,
4/2/2026 19:42,MIS FORMAT 2023 JUNE.xls,/sites/H6323_SPOF/DPT-TE/DPT-TE/Energy/2023/Mis/MIS 2023,,,,,Retention 365 Days,2,0.17,
4/2/2026 19:42,02 JV Engineer Feb 2024.xlsx,/sites/H6323_SPOF/DPT-TE/DPT-TE/Energy/2024/LPG to recieving/2024,,,,,Retention 365 Days,5,2.45,
4/2/2026 19:42,MIS FORMAT 2023 OCT.xls,/sites/H6323_SPOF/DPT-TE/DPT-TE/Energy/2023/Mis/MIS 2023,,,,,Retention 365 Days,3,0.26,
4/2/2026 19:42,04 MIS FORMAT APR 2024.xls,/sites/H6323_SPOF/DPT-TE/DPT-TE/Energy/2024/Mis/MIS 2024,,,,,Retention 365 Days,1,0.08,
4/2/2026 19:42,03 JV Engineer Mar 2024 .xlsx,/sites/H6323_SPOF/DPT-TE/DPT-TE/Energy/2024/LPG to recieving/2024,,,,,Retention 365 Days,2,0.99,
4/2/2026 19:42,MIS FORMAT 2023 Aug.xls,/sites/H6323_SPOF/DPT-TE/DPT-TE/Energy/2023/Mis/MIS 2023,,,,,Retention 365 Days,1,0.08,
4/2/2026 19:42,10. MIS FORMAT Oct 2024.xls,/sites/H6323_SPOF/DPT-TE/DPT-TE/Energy/2024/Mis/MIS 2024,,,,,Retention 365 Days,2,0.15,
4/2/2026 19:42,MIS FORMAT 2023 FEB.xls,/sites/H6323_SPOF/DPT-TE/DPT-TE/Energy/2023/Mis/MIS 2023,,,,,Retention 365 Days,3,0.25,
4/2/2026 19:42,06 JV Engineer Jun 2024.xlsx,/sites/H6323_SPOF/DPT-TE/DPT-TE/Energy/2024/LPG to recieving/2024,,,,,Retention 365 Days,4,1.99,
4/2/2026 19:42,09. MIS FORMAT Sep 2024 .xls,/sites/H6323_SPOF/DPT-TE/DPT-TE/Energy/2024/Mis/MIS 2024,,,,,Retention 365 Days,2,0.15,
4/2/2026 19:42,06 MIS FORMAT Jun 2024 .xls,/sites/H6323_SPOF/DPT-TE/DPT-TE/Energy/2024/Mis/MIS 2024,,,,,Retention 365 Days,1,0.08,
4/2/2026 19:42,08 JV Engineer Aug 2024 .xlsx,/sites/H6323_SPOF/DPT-TE/DPT-TE/Energy/2024/LPG to recieving/2024,,,,,Retention 365 Days,2,1,
4/2/2026 19:42,MIS FORMAT 2023 Apr.xls,/sites/H6323_SPOF/DPT-TE/DPT-TE/Energy/2023/Mis/MIS 2023,,,,,Retention 365 Days,3,0.25,
4/2/2026 19:42,00. MIS Engineering FORMAT Jun 2024 .xls,/sites/H6323_SPOF/DPT-TE/DPT-TE/Energy/2024/Mis/MIS 2024,,,,,Retention 365 Days,1,0.13,
4/2/2026 19:42,05 JV Engineer May 2024.xlsx,/sites/H6323_SPOF/DPT-TE/DPT-TE/Energy/2024/LPG to recieving/2024,,,,,Retention 365 Days,1,0.5,
4/2/2026 19:42,MIS FORMAT 2023 Nov.xls,/sites/H6323_SPOF/DPT-TE/DPT-TE/Energy/2023/Mis/MIS 2023,,,,,Retention 365 Days,2,0.17,
4/2/2026 19:42,12 JV Engineer Dec 2024.xlsx,/sites/H6323_SPOF/DPT-TE/DPT-TE/Energy/2024/LPG to recieving/2024,,,,,Retention 365 Days,2,1,
4/2/2026 19:42,07. MIS FORMAT Jul 2024.xls,/sites/H6323_SPOF/DPT-TE/DPT-TE/Energy/2024/Mis/MIS 2024,,,,,Retention 365 Days,3,0.28,
4/2/2026 19:42,02 MIS FORMAT FEB 2024 .xls,/sites/H6323_SPOF/DPT-TE/DPT-TE/Energy/2024/Mis/MIS 2024,,,,,Retention 365 Days,1,0.08,
4/2/2026 19:42,09 JV Engineer Sep 2024 .xlsx,/sites/H6323_SPOF/DPT-TE/DPT-TE/Energy/2024/LPG to recieving/2024,,,,,Retention 365 Days,2,0.99,
4/2/2026 19:42,MIS FORMAT 2023 JAN.xls,/sites/H6323_SPOF/DPT-TE/DPT-TE/Energy/2023/Mis/MIS 2023,,,,,Retention 365 Days,3,0.26,
4/2/2026 19:42,08. MIS FORMAT Aug 2024 .xls,/sites/H6323_SPOF/DPT-TE/DPT-TE/Energy/2024/Mis/MIS 2024,,,,,Retention 365 Days,2,0.15,
4/2/2026 19:42,04 JV Engineer Apr 2024.xlsx,/sites/H6323_SPOF/DPT-TE/DPT-TE/Energy/2024/LPG to recieving/2024,,,,,Retention 365 Days,2,0.99,
4/2/2026 19:42,01 JV Engineer Jan 2024.xlsx,/sites/H6323_SPOF/DPT-TE/DPT-TE/Energy/2024/LPG to recieving/2024,,,,,Retention 365 Days,3,1.45,
4/2/2026 19:42,01 MIS FORMAT JAN 2024.xls,/sites/H6323_SPOF/DPT-TE/DPT-TE/Energy/2024/Mis/MIS 2024,,,,,Retention 365 Days,6,0.51,
4/2/2026 19:42,05 MIS FORMAT May 2024.xls,/sites/H6323_SPOF/DPT-TE/DPT-TE/Energy/2024/Mis/MIS 2024,,,,,Retention 365 Days,1,0.08,
4/2/2026 19:42,ECS Revise report of Oct '22 .xls,/sites/H6323_SPOF/DPT-TE/DPT-TE/Energy/2023/ECS/ECS 2022,,,,,Retention 365 Days,1,0.1,
4/2/2026 19:42,12. MIS FORMAT Dec 2024.xls,/sites/H6323_SPOF/DPT-TE/DPT-TE/Energy/2024/Mis/MIS 2024,,,,,Retention 365 Days,2,0.15,
4/2/2026 19:42,03 MIS FORMAT MAR 2024.xls,/sites/H6323_SPOF/DPT-TE/DPT-TE/Energy/2024/Mis/MIS 2024,,,,,Retention 365 Days,2,0.17,
4/2/2026 19:42,03 JV Engineer Mar 2025.xlsx,/sites/H6323_SPOF/DPT-TE/DPT-TE/Energy/2025/LPG to recieving/2025,,,,,Retention 365 Days,2,1.01,
4/2/2026 19:42,11. MIS FORMAT Nov 2024 .xls,/sites/H6323_SPOF/DPT-TE/DPT-TE/Energy/2024/Mis/MIS 2024,,,,,Retention 365 Days,2,0.15,
4/2/2026 19:42,ECS Synergy '13.xls,/sites/H6323_SPOF/DPT-TE/DPT-TE/Energy/Energy/2013/Energy consumptiom,,,,,Retention 365 Days,1,0.09,
4/2/2026 19:42,Energy Total Daily Report 22.xls,/sites/H6323_SPOF/DPT-TE/DPT-TE/Energy/Energy/2022/Daily meter,,,,,Retention 365 Days,5,12.61,
4/2/2026 19:42,ECS report of Sep'22.xls,/sites/H6323_SPOF/DPT-TE/DPT-TE/Energy/Energy/2022/ECS,,,,,Retention 365 Days,9,0.92,
4/2/2026 19:42,Energy Consumption 22.xls,/sites/H6323_SPOF/DPT-TE/DPT-TE/Energy/Energy/2022/Daily meter,,,,,Retention 365 Days,9,7.69,
4/2/2026 19:42,The detail of boiler report (2) (4).docx,/sites/H6323_SPOF/DPT-TE/DPT-TE/Energy/Energy/GM REPORT/Boiler Report,,,,,Retention 365 Days,1,0.02,
4/2/2026 19:44,Main Chiller No.1 09.xlsm,/sites/H6323_SPOF/DPT-TE/DPT-TE/Out/Chiller/July 2023/Chiller No.1,,,,,Retention 365 Days,1,0.15,
4/2/2026 19:44,Main Chiller No.2 16.xlsm,/sites/H6323_SPOF/DPT-TE/DPT-TE/Out/Chiller/July 2023/Chiller No.2,,,,,Retention 365 Days,1,0.15,
4/2/2026 19:44,Main Chiller No.3 13.xlsm,/sites/H6323_SPOF/DPT-TE/DPT-TE/Out/Chiller/July 2023/Chiller No.3,,,,,Retention 365 Days,1,0.15,
4/2/2026 19:44,Main Chiller No.1 10.xlsm,/sites/H6323_SPOF/DPT-TE/DPT-TE/Out/Chiller/July 2023/Chiller No.1,,,,,Retention 365 Days,1,0.15,
4/2/2026 19:44,Main Chiller No.2 15.xlsm,/sites/H6323_SPOF/DPT-TE/DPT-TE/Out/Chiller/July 2023/Chiller No.2,,,,,Retention 365 Days,2,0.31,
4/2/2026 19:44,Main Chiller No.1 01.xlsm,/sites/H6323_SPOF/DPT-TE/DPT-TE/Out/Chiller/July 2023/Chiller No.1,,,,,Retention 365 Days,2,0.3,
4/2/2026 19:44,Main Chiller No.2 14.xlsm,/sites/H6323_SPOF/DPT-TE/DPT-TE/Out/Chiller/July 2023/Chiller No.2,,,,,Retention 365 Days,2,0.29,
4/2/2026 19:44,Main Chiller No.1 02.xlsm,/sites/H6323_SPOF/DPT-TE/DPT-TE/Out/Chiller/July 2023/Chiller No.1,,,,,Retention 365 Days,2,0.3,
4/2/2026 19:44,Main Chiller No.2 13.xlsm,/sites/H6323_SPOF/DPT-TE/DPT-TE/Out/Chiller/July 2023/Chiller No.2,,,,,Retention 365 Days,1,0.15,
4/2/2026 19:44,Main Chiller No.1 13.xlsm,/sites/H6323_SPOF/DPT-TE/DPT-TE/Out/Chiller/Jun 2023/Chiller No.1,,,,,Retention 365 Days,4,0.6,
4/2/2026 19:44,Main Chiller No.1 08.xlsm,/sites/H6323_SPOF/DPT-TE/DPT-TE/Out/Chiller/July 2023/Chiller No.1,,,,,Retention 365 Days,2,0.3,
4/2/2026 19:44,Main Chiller No.1 05.xlsm,/sites/H6323_SPOF/DPT-TE/DPT-TE/Out/Chiller/Jun 2023/Chiller No.1,,,,,Retention 365 Days,1,0.15,
4/2/2026 19:44,Main Chiller No.1 03.xlsm,/sites/H6323_SPOF/DPT-TE/DPT-TE/Out/Chiller/July 2023/Chiller No.1,,,,,Retention 365 Days,1,0.15,
4/2/2026 19:44,Main Chiller No.1 02.xlsm,/sites/H6323_SPOF/DPT-TE/DPT-TE/Out/Chiller/Jun 2023/Chiller No.1,,,,,Retention 365 Days,1,0.15,
4/2/2026 19:44,Main Chiller No.2 24.xlsm,/sites/H6323_SPOF/DPT-TE/DPT-TE/Out/Chiller/Jun 2023/Chiller No.2,,,,,Retention 365 Days,1,0.15,
4/2/2026 19:44,Main Chiller No.3 23.xlsm,/sites/H6323_SPOF/DPT-TE/DPT-TE/Out/Chiller/Jun 2023/Chiller No.3,,,,,Retention 365 Days,1,0.15,
4/2/2026 19:44,Main Chiller No.3 24.xlsm,/sites/H6323_SPOF/DPT-TE/DPT-TE/Out/Chiller/Jun 2023/Chiller No.3,,,,,Retention 365 Days,2,0.3,
4/2/2026 19:44,Main Chiller No.2 15.xlsm,/sites/H6323_SPOF/DPT-TE/DPT-TE/Out/Chiller/Jun 2023/Chiller No.2,,,,,Retention 365 Days,6,0.91,
4/2/2026 19:44,Main Chiller No.3 26.xlsm,/sites/H6323_SPOF/DPT-TE/DPT-TE/Out/Chiller/Jun 2023/Chiller No.3,,,,,Retention 365 Days,1,0.15,
4/2/2026 19:44,Copy of Main Chiller No.3 24.xlsm,/sites/H6323_SPOF/DPT-TE/DPT-TE/Out/Chiller/Jun 2023/Chiller No.3,,,,,Retention 365 Days,1,0.15,
4/2/2026 19:44,Main Chiller No.2 14.xlsm,/sites/H6323_SPOF/DPT-TE/DPT-TE/Out/Chiller/Jun 2023/Chiller No.2,,,,,Retention 365 Days,2,0.3,
4/2/2026 19:44,Main Chiller No.1 12.xlsm,/sites/H6323_SPOF/DPT-TE/DPT-TE/Out/Chiller/Jun 2023/Chiller No.1,,,,,Retention 365 Days,10,1.51,
4/2/2026 19:44,Main Chiller No.1 28.xlsm,/sites/H6323_SPOF/DPT-TE/DPT-TE/Out/Chiller/Jun 2023/Chiller No.1,,,,,Retention 365 Days,1,0.15,
4/2/2026 19:44,Main Chiller No.3 28.xlsm,/sites/H6323_SPOF/DPT-TE/DPT-TE/Out/Chiller/Jun 2023/Chiller No.3,,,,,Retention 365 Days,2,0.3,
4/2/2026 19:44,Main Chiller No.2 08.xlsm,/sites/H6323_SPOF/DPT-TE/DPT-TE/Out/Chiller/Jun 2023/Chiller No.2,,,,,Retention 365 Days,3,0.45,
4/2/2026 19:44,Main Chiller No.3 27.xlsm,/sites/H6323_SPOF/DPT-TE/DPT-TE/Out/Chiller/Jun 2023/Chiller No.3,,,,,Retention 365 Days,1,0.15,
4/2/2026 19:44,Main Chiller No.2 01.xlsm,/sites/H6323_SPOF/DPT-TE/DPT-TE/Out/Chiller/Jun 2023/Chiller No.2,,,,,Retention 365 Days,1,0.15,
4/2/2026 19:44,Main Chiller No.1 01.xlsm,/sites/H6323_SPOF/DPT-TE/DPT-TE/Out/Chiller/Jun 2023/Chiller No.1,,,,,Retention 365 Days,3,0.45,
4/2/2026 19:44,Main Chiller No.2 03.xlsm,/sites/H6323_SPOF/DPT-TE/DPT-TE/Out/Chiller/Jun 2023/Chiller No.2,,,,,Retention 365 Days,1,0.15,
4/2/2026 19:44,Main Chiller No.1 15.xlsm,/sites/H6323_SPOF/DPT-TE/DPT-TE/Out/Chiller/Jun 2023/Chiller No.1,,,,,Retention 365 Days,1,0.15,
4/2/2026 19:44,Main Chiller No.2 20.xlsm,/sites/H6323_SPOF/DPT-TE/DPT-TE/Out/Chiller/Jun 2023/Chiller No.2,,,,,Retention 365 Days,1,0.15,
4/2/2026 19:44,Main Chiller No.1 14.xlsm,/sites/H6323_SPOF/DPT-TE/DPT-TE/Out/Chiller/Jun 2023/Chiller No.1,,,,,Retention 365 Days,1,0.15,
4/2/2026 19:44,Main Chiller No.2 18.xlsm,/sites/H6323_SPOF/DPT-TE/DPT-TE/Out/Chiller/Jun 2023/Chiller No.2,,,,,Retention 365 Days,5,0.75,
4/2/2026 19:44,Main Chiller No.1 11.xlsm,/sites/H6323_SPOF/DPT-TE/DPT-TE/Out/Chiller/Jun 2023/Chiller No.1,,,,,Retention 365 Days,7,1.05,
4/2/2026 19:44,Main Chiller No.2 27.xlsm,/sites/H6323_SPOF/DPT-TE/DPT-TE/Out/Chiller/Jun 2023/Chiller No.2,,,,,Retention 365 Days,1,0.15,
4/2/2026 19:44,Main Chiller No.1 03.xlsm,/sites/H6323_SPOF/DPT-TE/DPT-TE/Out/Chiller/Jun 2023/Chiller No.1,,,,,Retention 365 Days,1,0.15,
4/2/2026 19:44,Main Chiller No.2 02.xlsm,/sites/H6323_SPOF/DPT-TE/DPT-TE/Out/Chiller/Jun 2023/Chiller No.2,,,,,Retention 365 Days,1,0.15,
4/2/2026 19:44,Main Chiller No.1 17.xlsm,/sites/H6323_SPOF/DPT-TE/DPT-TE/Out/Chiller/Jun 2023/Chiller No.1,,,,,Retention 365 Days,1,0.15,
4/2/2026 19:44,Main Chiller No.2 09.xlsm,/sites/H6323_SPOF/DPT-TE/DPT-TE/Out/Chiller/Jun 2023/Chiller No.2,,,,,Retention 365 Days,1,0.15,
4/2/2026 19:44,Main Chiller No.2 21.xlsm,/sites/H6323_SPOF/DPT-TE/DPT-TE/Out/Chiller/Jun 2023/Chiller No.2,,,,,Retention 365 Days,1,0.15,
4/2/2026 19:44,Main Chiller No.2 16.xlsm,/sites/H6323_SPOF/DPT-TE/DPT-TE/Out/Chiller/Jun 2023/Chiller No.2,,,,,Retention 365 Days,2,0.3,
4/2/2026 19:44,Main Chiller No.1 07.xlsm,/sites/H6323_SPOF/DPT-TE/DPT-TE/Out/Chiller/Jun 2023/Chiller No.1,,,,,Retention 365 Days,6,0.9,
4/2/2026 19:44,Main Chiller No.1 16.xlsm,/sites/H6323_SPOF/DPT-TE/DPT-TE/Out/Chiller/Jun 2023/Chiller No.1,,,,,Retention 365 Days,2,0.3,
4/2/2026 19:44,Main Chiller No.1 22.xlsm,/sites/H6323_SPOF/DPT-TE/DPT-TE/Out/Chiller/Jun 2023/Chiller No.1,,,,,Retention 365 Days,1,0.15,
4/2/2026 19:44,Main Chiller No.1 25.xlsm,/sites/H6323_SPOF/DPT-TE/DPT-TE/Out/Chiller/Jun 2023/Chiller No.1,,,,,Retention 365 Days,1,0.15,
4/2/2026 19:44,Main Chiller No.1 09.xlsm,/sites/H6323_SPOF/DPT-TE/DPT-TE/Out/Chiller/Jun 2023/Chiller No.1,,,,,Retention 365 Days,2,0.3,
4/2/2026 19:44,Main Chiller No.1 10.xlsm,/sites/H6323_SPOF/DPT-TE/DPT-TE/Out/Chiller/Jun 2023/Chiller No.1,,,,,Retention 365 Days,4,0.59,
4/2/2026 19:44,Main Chiller No.1 08.xlsm,/sites/H6323_SPOF/DPT-TE/DPT-TE/Out/Chiller/Jun 2023/Chiller No.1,,,,,Retention 365 Days,6,0.89,
4/2/2026 19:44,Main Chiller No.1 18.xlsm,/sites/H6323_SPOF/DPT-TE/DPT-TE/Out/Chiller/Jun 2023/Chiller No.1,,,,,Retention 365 Days,1,0.15,
4/2/2026 19:44,Main Chiller No.1 24.xlsm,/sites/H6323_SPOF/DPT-TE/DPT-TE/Out/Chiller/Jun 2023/Chiller No.1,,,,,Retention 365 Days,1,0.15,
4/2/2026 19:44,Main Chiller No.1 31.xlsm,/sites/H6323_SPOF/DPT-TE/DPT-TE/Out/Chiller/Jun 2023/Chiller No.1,,,,,Retention 365 Days,1,0.15,
4/2/2026 19:45,ENERGY BOARD Sep'23 .xls,/sites/H6323_SPOF/DPT-TE/DPT-TE/Too/Energy/2023/Energy board,,,,,Retention 365 Days,3,3.48,
4/2/2026 19:45,ENERGY BOARD June'24 .xls,/sites/H6323_SPOF/DPT-TE/DPT-TE/Too/Energy/2024/Energy board,,,,,Retention 365 Days,1,1.16,
4/2/2026 19:45,ENERGY BOARD Sep'23 .xls,/sites/H6323_SPOF/DPT-TE/DPT-TE/Too/Energy/2024/Energy board,,,,,Retention 365 Days,1,1.16,
4/2/2026 19:45,Energy Total Daily Report.xls,/sites/H6323_SPOF/DPT-TE/DPT-TE/Too/Energy/2024/Daily meter,,,,,Retention 365 Days,8,51.62,
4/2/2026 19:45,ENERGY BOARD Oct'24 .xls,/sites/H6323_SPOF/DPT-TE/DPT-TE/Too/Energy/2024/Energy board,,,,,Retention 365 Days,3,3.48,
4/2/2026 19:45,Energy Total Daily Report.xls,/sites/H6323_SPOF/DPT-TE/DPT-TE/Too/Energy/2023/Daily meter,,,,,Retention 365 Days,30,198.33,
4/2/2026 19:45,Copy of Energy Total Daily Report.xls,/sites/H6323_SPOF/DPT-TE/DPT-TE/Too/Energy/2023/Daily meter,,,,,Retention 365 Days,5,24.75,
4/2/2026 19:45,Energy Consumption (Autosaved).xls,/sites/H6323_SPOF/DPT-TE/DPT-TE/Too/Energy/2023/Daily meter,,,,,Retention 365 Days,1,0.85,
4/2/2026 19:45,Energy Consumption.xls,/sites/H6323_SPOF/DPT-TE/DPT-TE/Too/Energy/2024/Daily meter,,,,,Retention 365 Days,30,25.62,
4/2/2026 19:45,ENERGY BOARD July'24 .xls,/sites/H6323_SPOF/DPT-TE/DPT-TE/Too/Energy/2024/Energy board,,,,,Retention 365 Days,29,33.51,
4/2/2026 19:46,ENERGY BOARD Sep'24.xls,/sites/H6323_SPOF/DPT-TE/DPT-TE/Too/Energy/2024/Energy board,,,,,Retention 365 Days,6,6.95,
4/2/2026 19:46,ENERGY BOARD Aug'24.xls,/sites/H6323_SPOF/DPT-TE/DPT-TE/Too/Energy/2024/Energy board,,,,,Retention 365 Days,6,6.94,
4/2/2026 19:46,Energy Consumption.xls,/sites/H6323_SPOF/DPT-TE/DPT-TE/Too/Energy/2023/Daily meter,,,,,Retention 365 Days,30,26.5,
4/2/2026 19:46,ENERGY BOARD Apr'25   .xls,/sites/H6323_SPOF/DPT-TE/DPT-TE/Too/Energy/2025/Energy board,,,,,Retention 365 Days,4,4.4,
4/2/2026 19:46,ENERGY BOARD Feb'25 .xls,/sites/H6323_SPOF/DPT-TE/DPT-TE/Too/Energy/2025/Energy board,,,,,Retention 365 Days,11,12.09,
4/2/2026 19:46,Energy Total Daily Report.xls,/sites/H6323_SPOF/DPT-TE/DPT-TE/Too/Energy/2026/Daily meter,,,,,Retention 90 Days,3,19.44,
4/2/2026 19:46,ENERGY BOARD Mar'23.xls,/sites/H6323_SPOF/DPT-TE/DPT-TE/Too/Energy/2025/Energy board,,,,,Retention 365 Days,1,1.11,
4/2/2026 19:46,Energy Consumption.xls,/sites/H6323_SPOF/DPT-TE/DPT-TE/Too/Energy/2026/Daily meter,,,,,Retention 90 Days,5,4.03,
4/2/2026 19:46,Energy Total Daily Report.xls,/sites/H6323_SPOF/DPT-TE/DPT-TE/Too/Energy/2025/Daily meter,,,,,Retention 365 Days,30,194.58,
4/2/2026 19:46,ENERGY BOARD Jan'25.xls,/sites/H6323_SPOF/DPT-TE/DPT-TE/Too/Energy/2025/Energy board,,,,,Retention 365 Days,11,12.13,
4/2/2026 19:46,ENERGY BOARD July'25 .xls,/sites/H6323_SPOF/DPT-TE/DPT-TE/Too/Energy/2025/Energy board,,,,,Retention 90 Days,3,3.31,
4/2/2026 19:46,ENERGY BOARD Jan'26.xls,/sites/H6323_SPOF/DPT-TE/DPT-TE/Too/Energy/2026/Energy board,,,,,Retention 365 Days,8,8.79,
4/2/2026 19:46,ENERGY BOARD Mar'25  .xls,/sites/H6323_SPOF/DPT-TE/DPT-TE/Too/Energy/2025/Energy board,,,,,Retention 365 Days,7,7.69,
4/2/2026 19:46,ENERGY BOARD Sep'25  .xls,/sites/H6323_SPOF/DPT-TE/DPT-TE/Too/Energy/2025/Energy board,,,,,Retention 90 Days,1,1.1,
4/2/2026 19:46,Energy Consumption.xls,/sites/H6323_SPOF/DPT-TE/DPT-TE/Too/Energy/2025/Daily meter,,,,,Retention 365 Days,30,24.68,
4/2/2026 19:46,memo ขออนุมัติงานปูพื้นที่ครัว (ENG).doc,/sites/H6323_SPOF/DPT-TE/DPT-TE/Too/MEMO/MEMO 2019-2021/memo HACCP ปูพื้นครัว,,,,,Retention 365 Days,1,0.15,
4/2/2026 19:48,Laundry energy consumption.xlsx,/sites/H6323_SPOF/DPT-TE/DPT-TE/Too/Energy/2024/KWh chiller/Laundry,,,,,Retention 365 Days,2,0.19,
